title,date,caption,caption,image,video,rank_math_focus_title,rank_math_focus_keyword,rank_math_focus_ description,Tags,Arabic Keyowrds,rank_math_ar_description,Tags_arabic,Column 1,Column 2,Column 3,Column 4,Column 5
Satellite Footage Reveals Entire Lebanese Villages Flattened as Israel Accused of Using Gaza-Style Tactics,2026-04-28T21:00:09.000Z,"NO HOME LEFT STANDING: SATELLITE FOOTAGE EXPOSES THE TOTAL ERASURE OF LEBANESE VILLAGES. 🇱🇧💔

Towns like Khiam, which survived decades of conflict, are being wiped off the map by bulldozers and explosives in what locals call an attempt to erase the town’s identity.

The same heavy equipment used to shred Gaza into pieces has been moved to Lebanon to finish the job. Over 50,000 homes have already been hit. 

STOP ERASING OUR VILLAGES! ENOUGH. 

Source: @eye.on.palestine 

#LebanonUnderAttack #GazaPlaybook #WarCrimes #BintJbeil #fyp
",,https://scontent-atl3-3.cdninstagram.com/v/t51.82787-15/681287093_18551514061069100_687208734171686172_n.jpg?stp=dst-jpg_e35_p1080x1080_sh0.08_tt6&_nc_ht=scontent-atl3-3.cdninstagram.com&_nc_cat=108&_nc_oc=Q6cZ2gFJN00ZbX3O4Ot6QEHibejXCKPjoRISGuQbUkA1cdMlLvhaR_G11NGZXvYEZpEb8fw&_nc_ohc=ZqcxARxzeykQ7kNvwETv9hg&_nc_gid=ZKQ4WWlBeTJV0yRSgWLCpQ&edm=APs17CUBAAAA&ccb=7-5&oh=00_Af3ZzuNZBGI7puTz6xUSa6fkXWY7hgZek1wasjiO52MYUw&oe=69F7AAB5&_nc_sid=10d13b,"<blockquote class=""instagram-media"" data-instgrm-permalink=""https://www.instagram.com/reel/DXsI0vNScEg/?utm_source=ig_embed&amp;utm_campaign=loading"" data-instgrm-version=""14"" style="" background:#FFF; border:0; border-radius:3px; box-shadow:0 0 1px 0 rgba(0,0,0,0.5),0 1px 10px 0 rgba(0,0,0,0.15); margin: 1px; max-width:540px; min-width:326px; padding:0; width:99.375%; width:-webkit-calc(100% - 2px); width:calc(100% - 2px);""><div style=""padding:16px;""> <a href=""https://www.instagram.com/reel/DXsI0vNScEg/?utm_source=ig_embed&amp;utm_campaign=loading"" style="" background:#FFFFFF; line-height:0; padding:0 0; text-align:center; text-decoration:none; width:100%;"" target=""_blank""> <div style="" display: flex; flex-direction: row; align-items: center;""> <div style=""background-color: #F4F4F4; border-radius: 50%; flex-grow: 0; height: 40px; margin-right: 14px; width: 40px;""></div> <div style=""display: flex; flex-direction: column; flex-grow: 1; justify-content: center;""> <div style="" background-color: #F4F4F4; border-radius: 4px; flex-grow: 0; height: 14px; margin-bottom: 6px; width: 100px;""></div> <div style="" background-color: #F4F4F4; border-radius: 4px; flex-grow: 0; height: 14px; width: 60px;""></div></div></div><div style=""padding: 19% 0;""></div> <div style=""display:block; height:50px; margin:0 auto 12px; width:50px;""><svg width=""50px"" height=""50px"" viewBox=""0 0 60 60"" version=""1.1"" xmlns=""https://www.w3.org/2000/svg"" xmlns:xlink=""https://www.w3.org/1999/xlink""><g stroke=""none"" stroke-width=""1"" fill=""none"" fill-rule=""evenodd""><g transform=""translate(-511.000000, -20.000000)"" fill=""#000000""><g><path d=""M556.869,30.41 C554.814,30.41 553.148,32.076 553.148,34.131 C553.148,36.186 554.814,37.852 556.869,37.852 C558.924,37.852 560.59,36.186 560.59,34.131 C560.59,32.076 558.924,30.41 556.869,30.41 M541,60.657 C535.114,60.657 530.342,55.887 530.342,50 C530.342,44.114 535.114,39.342 541,39.342 C546.887,39.342 551.658,44.114 551.658,50 C551.658,55.887 546.887,60.657 541,60.657 M541,33.886 C532.1,33.886 524.886,41.1 524.886,50 C524.886,58.899 532.1,66.113 541,66.113 C549.9,66.113 557.115,58.899 557.115,50 C557.115,41.1 549.9,33.886 541,33.886 M565.378,62.101 C565.244,65.022 564.756,66.606 564.346,67.663 C563.803,69.06 563.154,70.057 562.106,71.106 C561.058,72.155 560.06,72.803 558.662,73.347 C557.607,73.757 556.021,74.244 553.102,74.378 C549.944,74.521 548.997,74.552 541,74.552 C533.003,74.552 532.056,74.521 528.898,74.378 C525.979,74.244 524.393,73.757 523.338,73.347 C521.94,72.803 520.942,72.155 519.894,71.106 C518.846,70.057 518.197,69.06 517.654,67.663 C517.244,66.606 516.755,65.022 516.623,62.101 C516.479,58.943 516.448,57.996 516.448,50 C516.448,42.003 516.479,41.056 516.623,37.899 C516.755,34.978 517.244,33.391 517.654,32.338 C518.197,30.938 518.846,29.942 519.894,28.894 C520.942,27.846 521.94,27.196 523.338,26.654 C524.393,26.244 525.979,25.756 528.898,25.623 C532.057,25.479 533.004,25.448 541,25.448 C548.997,25.448 549.943,25.479 553.102,25.623 C556.021,25.756 557.607,26.244 558.662,26.654 C560.06,27.196 561.058,27.846 562.106,28.894 C563.154,29.942 563.803,30.938 564.346,32.338 C564.756,33.391 565.244,34.978 565.378,37.899 C565.522,41.056 565.552,42.003 565.552,50 C565.552,57.996 565.522,58.943 565.378,62.101 M570.82,37.631 C570.674,34.438 570.167,32.258 569.425,30.349 C568.659,28.377 567.633,26.702 565.965,25.035 C564.297,23.368 562.623,22.342 560.652,21.575 C558.743,20.834 556.562,20.326 553.369,20.18 C550.169,20.033 549.148,20 541,20 C532.853,20 531.831,20.033 528.631,20.18 C525.438,20.326 523.257,20.834 521.349,21.575 C519.376,22.342 517.703,23.368 516.035,25.035 C514.368,26.702 513.342,28.377 512.574,30.349 C511.834,32.258 511.326,34.438 511.181,37.631 C511.035,40.831 511,41.851 511,50 C511,58.147 511.035,59.17 511.181,62.369 C511.326,65.562 511.834,67.743 512.574,69.651 C513.342,71.625 514.368,73.296 516.035,74.965 C517.703,76.634 519.376,77.658 521.349,78.425 C523.257,79.167 525.438,79.673 528.631,79.82 C531.831,79.965 532.853,80.001 541,80.001 C549.148,80.001 550.169,79.965 553.369,79.82 C556.562,79.673 558.743,79.167 560.652,78.425 C562.623,77.658 564.297,76.634 565.965,74.965 C567.633,73.296 568.659,71.625 569.425,69.651 C570.167,67.743 570.674,65.562 570.82,62.369 C570.966,59.17 571,58.147 571,50 C571,41.851 570.966,40.831 570.82,37.631""></path></g></g></g></svg></div><div style=""padding-top: 8px;""> <div style="" color:#3897f0; font-family:Arial,sans-serif; font-size:14px; font-style:normal; font-weight:550; line-height:18px;"">View this post on Instagram</div></div><div style=""padding: 12.5% 0;""></div> <div style=""display: flex; flex-direction: row; margin-bottom: 14px; align-items: center;""><div> <div style=""background-color: #F4F4F4; border-radius: 50%; height: 12.5px; width: 12.5px; transform: translateX(0px) translateY(7px);""></div> <div style=""background-color: #F4F4F4; height: 12.5px; transform: rotate(-45deg) translateX(3px) translateY(1px); width: 12.5px; flex-grow: 0; margin-right: 14px; margin-left: 2px;""></div> <div style=""background-color: #F4F4F4; border-radius: 50%; height: 12.5px; width: 12.5px; transform: translateX(9px) translateY(-18px);""></div></div><div style=""margin-left: 8px;""> <div style="" background-color: #F4F4F4; border-radius: 50%; flex-grow: 0; height: 20px; width: 20px;""></div> <div style="" width: 0; height: 0; border-top: 2px solid transparent; border-left: 6px solid #f4f4f4; border-bottom: 2px solid transparent; transform: translateX(16px) translateY(-4px) rotate(30deg)""></div></div><div style=""margin-left: auto;""> <div style="" width: 0px; border-top: 8px solid #F4F4F4; border-right: 8px solid transparent; transform: translateY(16px);""></div> <div style="" background-color: #F4F4F4; flex-grow: 0; height: 12px; width: 16px; transform: translateY(-4px);""></div> <div style="" width: 0; height: 0; border-top: 8px solid #F4F4F4; border-left: 8px solid transparent; transform: translateY(-4px) translateX(8px);""></div></div></div> <div style=""display: flex; flex-direction: column; flex-grow: 1; justify-content: center; margin-bottom: 24px;""> <div style="" background-color: #F4F4F4; border-radius: 4px; flex-grow: 0; height: 14px; margin-bottom: 6px; width: 224px;""></div> <div style="" background-color: #F4F4F4; border-radius: 4px; flex-grow: 0; height: 14px; width: 144px;""></div></div></a><p style="" color:#c9c8cd; font-family:Arial,sans-serif; font-size:14px; line-height:17px; margin-bottom:0; margin-top:8px; overflow:hidden; padding:8px 0 7px; text-align:center; text-overflow:ellipsis; white-space:nowrap;""><a href=""https://www.instagram.com/reel/DXsI0vNScEg/?utm_source=ig_embed&amp;utm_campaign=loading"" style="" color:#c9c8cd; font-family:Arial,sans-serif; font-size:14px; font-style:normal; font-weight:normal; line-height:17px; text-decoration:none;"" target=""_blank"">A post shared by Daizy Gedeon (@daizygedeon)</a></p></div></blockquote>
<script async src=""//www.instagram.com/embed.js""></script>",Satellite Footage Shows Lebanese Villages Flattened,Lebanese villages flattened,Satellite images reportedly show Lebanese villages flattened amid accusations that Israel is using Gaza-style tactics in southern Lebanon.,"Lebanon, Lebanese villages, satellite footage, Khiam, Bint Jbeil, Gaza-style tactics, Israeli attacks, war crimes",تدمير القرى اللبنانية، صور الأقمار الصناعية، الخيام، بنت جبيل، جنوب لبنان، تكتيكات غزة، الهجمات الإسرائيلية، جرائم حرب,صور أقمار صناعية تكشف دمار قرى لبنانية وسط اتهامات لإسرائيل باستخدام تكتيكات مشابهة لغزة في جنوب لبنان.,لبنان، القرى اللبنانية، صور الأقمار الصناعية، الخيام، بنت جبيل، جنوب لبنان، جرائم حرب,,,,,
West Bank Erupts: Israeli Forces Detain Palestinians as Settlers Burn Homes with Families Inside,2026-04-29T00:00:02.000Z,"NO RESPITE FOR PALESTINE!!

Yesterday saw a horrifying escalation of state-sanctioned terror as the occupied West Bank was hit with a level of violence that has already shattered records for 2026. We are seeing a coordinated campaign where Israeli forces blindfold and detain Palestinian men, while extremist settlers, acting with total impunity, rampage through villages, burning homes and vehicles with residents still trapped inside.

The details from the last 24 hours are sickening: In coordinated overnight attacks, dozens of settlers torched family homes near Nablus and Ramallah, surrounding the structures to prevent anyone from escaping the flames. We are hearing reports of children and infants suffering from smoke inhalation while their parents are held at gunpoint by soldiers who are supposed to maintain order.

And where is the “most moral army in the world”? Standing by and watching. Or worse, detaining the victims while their property turns to ash.

The people of the West Bank have NO RESPITE while these war crimes are funded and ignored.

SHAME ON THE SILENT!

Source: @aljazeeraenglish 

#WestBankRampage #SettlerViolence #SavePalestine #WarCrimes #fypaNO RESPITE FOR PALESTINE!!

Yesterday saw a horrifying escalation of state-sanctioned terror as the occupied West Bank was hit with a level of violence that has already shattered records for 2026. We are seeing a coordinated campaign where Israeli forces blindfold and detain Palestinian men, while extremist settlers, acting with total impunity, rampage through villages, burning homes and vehicles with residents still trapped inside.

The details from the last 24 hours are sickening: In coordinated overnight attacks, dozens of settlers torched family homes near Nablus and Ramallah, surrounding the structures to prevent anyone from escaping the flames. We are hearing reports of children and infants suffering from smoke inhalation while their parents are held at gunpoint by soldiers who are supposed to maintain order.

And where is the “most moral army in the world”? Standing by and watching. Or worse, detaining the victims while their property turns to ash.

The people of the West Bank have NO RESPITE while these war crimes are funded and ignored.

SHAME ON THE SILENT!

Source: @aljazeeraenglish 

#WestBankRampage #SettlerViolence #SavePalestine #WarCrimes #fyp",,https://scontent-ord5-1.cdninstagram.com/v/t51.82787-15/681678358_18551515237069100_7933776225203284342_n.jpg?stp=dst-jpg_e35_p1080x1080_sh0.08_tt6&_nc_ht=scontent-ord5-1.cdninstagram.com&_nc_cat=108&_nc_oc=Q6cZ2gGcEFKEf1PBlIWbP2A9ZceYNPBIbod-7qo_0qA3ifmVawDo-HYqrm4aYrCMM0pqrYo&_nc_ohc=tBg43IZ-HdUQ7kNvwEdI_sK&_nc_gid=-br2GGfm7E0ejfIKRR35ug&edm=APs17CUBAAAA&ccb=7-5&oh=00_Af2DJoDYe1ZGA3wBK6bQlMXUHwPaMH1W_wFLzUpMVfGC4Q&oe=69F7B90E&_nc_sid=10d13b,"<blockquote class=""instagram-media"" data-instgrm-permalink=https://www.instagram.com/reel/DXsrLZ2S5z5/?utm_source=ig_embed&ampp;utm_campaign=loading"" data-instgrm-version=""14"" style="" background:#FFF; border:0; border-radius:3px; box-shadow:0 0 1px 0 rgba(0,0,0,0.5),0 1px 10px 0 rgba(0,0,0,0.15); margin: 1px; max-width:540px; min-width:326px; padding:0; width:99.375%; width:-webkit-calc(100% - 2px); width:calc(100% - 2px);""><div style=""padding:16px;""> <a href=""https://www.instagram.com/reel/DXsrLZ2S5z5/?utm_source=ig_embed&amp;utm_campaign=loading"" style="" background:#FFFFFF; line-height:0; padding:0 0; text-align:center; text-decoration:none; width:100%;"" target=""_blank""> <div style="" display: flex; flex-direction: row; align-items: center;""> <div style=""background-color: #F4F4F4; border-radius: 50%; flex-grow: 0; height: 40px; margin-right: 14px; width: 40px;""></div> <div style=""display: flex; flex-direction: column; flex-grow: 1; justify-content: center;""> <div style="" background-color: #F4F4F4; border-radius: 4px; flex-grow: 0; height: 14px; margin-bottom: 6px; width: 100px;""></div> <div style="" background-color: #F4F4F4; border-radius: 4px; flex-grow: 0; height: 14px; width: 60px;""></div></div></div><div style=""padding: 19% 0;""></div> <div style=""display:block; height:50px; margin:0 auto 12px; width:50px;""><svg width=""50px"" height=""50px"" viewBox=""0 0 60 60"" version=""1.1"" xmlns=""https://www.w3.org/2000/svg"" xmlns:xlink=""https://www.w3.org/1999/xlink""><g stroke=""none"" stroke-width=""1"" fill=""none"" fill-rule=""evenodd""><g transform=""translate(-511.000000, -20.000000)"" fill=""#000000""><g><path d=""M556.869,30.41 C554.814,30.41 553.148,32.076 553.148,34.131 C553.148,36.186 554.814,37.852 556.869,37.852 C558.924,37.852 560.59,36.186 560.59,34.131 C560.59,32.076 558.924,30.41 556.869,30.41 M541,60.657 C535.114,60.657 530.342,55.887 530.342,50 C530.342,44.114 535.114,39.342 541,39.342 C546.887,39.342 551.658,44.114 551.658,50 C551.658,55.887 546.887,60.657 541,60.657 M541,33.886 C532.1,33.886 524.886,41.1 524.886,50 C524.886,58.899 532.1,66.113 541,66.113 C549.9,66.113 557.115,58.899 557.115,50 C557.115,41.1 549.9,33.886 541,33.886 M565.378,62.101 C565.244,65.022 564.756,66.606 564.346,67.663 C563.803,69.06 563.154,70.057 562.106,71.106 C561.058,72.155 560.06,72.803 558.662,73.347 C557.607,73.757 556.021,74.244 553.102,74.378 C549.944,74.521 548.997,74.552 541,74.552 C533.003,74.552 532.056,74.521 528.898,74.378 C525.979,74.244 524.393,73.757 523.338,73.347 C521.94,72.803 520.942,72.155 519.894,71.106 C518.846,70.057 518.197,69.06 517.654,67.663 C517.244,66.606 516.755,65.022 516.623,62.101 C516.479,58.943 516.448,57.996 516.448,50 C516.448,42.003 516.479,41.056 516.623,37.899 C516.755,34.978 517.244,33.391 517.654,32.338 C518.197,30.938 518.846,29.942 519.894,28.894 C520.942,27.846 521.94,27.196 523.338,26.654 C524.393,26.244 525.979,25.756 528.898,25.623 C532.057,25.479 533.004,25.448 541,25.448 C548.997,25.448 549.943,25.479 553.102,25.623 C556.021,25.756 557.607,26.244 558.662,26.654 C560.06,27.196 561.058,27.846 562.106,28.894 C563.154,29.942 563.803,30.938 564.346,32.338 C564.756,33.391 565.244,34.978 565.378,37.899 C565.522,41.056 565.552,42.003 565.552,50 C565.552,57.996 565.522,58.943 565.378,62.101 M570.82,37.631 C570.674,34.438 570.167,32.258 569.425,30.349 C568.659,28.377 567.633,26.702 565.965,25.035 C564.297,23.368 562.623,22.342 560.652,21.575 C558.743,20.834 556.562,20.326 553.369,20.18 C550.169,20.033 549.148,20 541,20 C532.853,20 531.831,20.033 528.631,20.18 C525.438,20.326 523.257,20.834 521.349,21.575 C519.376,22.342 517.703,23.368 516.035,25.035 C514.368,26.702 513.342,28.377 512.574,30.349 C511.834,32.258 511.326,34.438 511.181,37.631 C511.035,40.831 511,41.851 511,50 C511,58.147 511.035,59.17 511.181,62.369 C511.326,65.562 511.834,67.743 512.574,69.651 C513.342,71.625 514.368,73.296 516.035,74.965 C517.703,76.634 519.376,77.658 521.349,78.425 C523.257,79.167 525.438,79.673 528.631,79.82 C531.831,79.965 532.853,80.001 541,80.001 C549.148,80.001 550.169,79.965 553.369,79.82 C556.562,79.673 558.743,79.167 560.652,78.425 C562.623,77.658 564.297,76.634 565.965,74.965 C567.633,73.296 568.659,71.625 569.425,69.651 C570.167,67.743 570.674,65.562 570.82,62.369 C570.966,59.17 571,58.147 571,50 C571,41.851 570.966,40.831 570.82,37.631""></path></g></g></g></svg></div><div style=""padding-top: 8px;""> <div style="" color:#3897f0; font-family:Arial,sans-serif; font-size:14px; font-style:normal; font-weight:550; line-height:18px;"">View this post on Instagram</div></div><div style=""padding: 12.5% 0;""></div> <div style=""display: flex; flex-direction: row; margin-bottom: 14px; align-items: center;""><div> <div style=""background-color: #F4F4F4; border-radius: 50%; height: 12.5px; width: 12.5px; transform: translateX(0px) translateY(7px);""></div> <div style=""background-color: #F4F4F4; height: 12.5px; transform: rotate(-45deg) translateX(3px) translateY(1px); width: 12.5px; flex-grow: 0; margin-right: 14px; margin-left: 2px;""></div> <div style=""background-color: #F4F4F4; border-radius: 50%; height: 12.5px; width: 12.5px; transform: translateX(9px) translateY(-18px);""></div></div><div style=""margin-left: 8px;""> <div style="" background-color: #F4F4F4; border-radius: 50%; flex-grow: 0; height: 20px; width: 20px;""></div> <div style="" width: 0; height: 0; border-top: 2px solid transparent; border-left: 6px solid #f4f4f4; border-bottom: 2px solid transparent; transform: translateX(16px) translateY(-4px) rotate(30deg)""></div></div><div style=""margin-left: auto;""> <div style="" width: 0px; border-top: 8px solid #F4F4F4; border-right: 8px solid transparent; transform: translateY(16px);""></div> <div style="" background-color: #F4F4F4; flex-grow: 0; height: 12px; width: 16px; transform: translateY(-4px);""></div> <div style="" width: 0; height: 0; border-top: 8px solid #F4F4F4; border-left: 8px solid transparent; transform: translateY(-4px) translateX(8px);""></div></div></div> <div style=""display: flex; flex-direction: column; flex-grow: 1; justify-content: center; margin-bottom: 24px;""> <div style="" background-color: #F4F4F4; border-radius: 4px; flex-grow: 0; height: 14px; margin-bottom: 6px; width: 224px;""></div> <div style="" background-color: #F4F4F4; border-radius: 4px; flex-grow: 0; height: 14px; width: 144px;""></div></div></a><p style="" color:#c9c8cd; font-family:Arial,sans-serif; font-size:14px; line-height:17px; margin-bottom:0; margin-top:8px; overflow:hidden; padding:8px 0 7px; text-align:center; text-overflow:ellipsis; white-space:nowrap;""><a href=""https://www.instagram.com/reel/DXsrLZ2S5z5/?utm_source=ig_embed&amp;utm_campaign=loading"" style="" color:#c9c8cd; font-family:Arial,sans-serif; font-size:14px; font-style:normal; font-weight:normal; line-height:17px; text-decoration:none;"" target=""_blank"">A post shared by Daizy Gedeon (@daizygedeon)</a></p></div></blockquote>
<script async src=""//www.instagram.com/embed.js""></script>",West Bank Violence Escalates as Homes Burned,West Bank settler violence,"Reports describe Israeli raids and settler attacks in the West Bank, including detentions, burned homes, and escalating violence.","West Bank, settler violence, Palestine, Israeli forces, Nablus, Ramallah, burned homes, human rights",عنف المستوطنين في الضفة الغربية، الضفة الغربية، فلسطين، قوات الاحتلال، نابلس، رام الله، حرق المنازل، حقوق الإنسان,تقارير ترصد تصاعد العنف في الضفة الغربية مع اعتقالات وهجمات للمستوطنين وحرق منازل في بلدات فلسطينية.,الضفة الغربية، عنف المستوطنين، فلسطين، نابلس، رام الله، حرق المنازل، حقوق الإنسان,,,,,
‘I’m Not a Pedophile’: Trump Explodes at 60 Minutes Anchor Over Gunman Manifesto,2026-04-29T02:00:09.000Z,"REPOST @60minutes 
.
.

The gunman who attempted to storm the White House Correspondents’ Dinner wrote a letter explaining his actions and accusing “Administration officials” broadly of various serious crimes. When Norah O’Donnell read this list of crimes to President Trump, he was offended..

“I read the manifesto. You know, he’s a sick person. But you should be ashamed of yourself reading that because I’m not any of those things,” he tells Norah O’Donnell during the 60 Minutes interview.

.
.
The truth is coming out and no amount of raging in interviews can stop it. Share this to remind everyone that the people deserve answers, not just angry denials!

SHAME ON THE LIES! Shame on your Mr. President. We have the files. 

#Trump #america #CBSNews #60Minutes #fyp

.",,https://scontent-ord5-1.cdninstagram.com/v/t51.82787-15/682549519_18551515816069100_5025939839191435811_n.jpg?stp=dst-jpg_e35_p1080x1080_sh0.08_tt6&_nc_ht=scontent-ord5-1.cdninstagram.com&_nc_cat=108&_nc_oc=Q6cZ2gEDJfuWYtEbsAOcD0Hy1BOFENTB0k2EImhDXpceGWkOFcGoFLGneV7m8JQDnotscxk&_nc_ohc=82lcQGa9BMUQ7kNvwFJe_LF&_nc_gid=k7nmzYSy-Z1ixhb2jVCdDg&edm=APs17CUBAAAA&ccb=7-5&oh=00_Af1Bq1BbDIlMmJSxsYbfOrOP22CwPRd5CXRWxy5_pcX_yw&oe=69F7BE6A&_nc_sid=10d13b,"<blockquote class=""instagram-media"" data-instgrm-permalink=""https://www.instagram.com/reel/DXsrJwASKvb/?utm_source=ig_embed&amp;utm_campaign=loading"" data-instgrm-version=""14"" style="" background:#FFF; border:0; border-radius:3px; box-shadow:0 0 1px 0 rgba(0,0,0,0.5),0 1px 10px 0 rgba(0,0,0,0.15); margin: 1px; max-width:540px; min-width:326px; padding:0; width:99.375%; width:-webkit-calc(100% - 2px); width:calc(100% - 2px);""><div style=""padding:16px;""> <a href=""https://www.instagram.com/reel/DXsrJwASKvb/?utm_source=ig_embed&amp;utm_campaign=loading"" style="" background:#FFFFFF; line-height:0; padding:0 0; text-align:center; text-decoration:none; width:100%;"" target=""_blank""> <div style="" display: flex; flex-direction: row; align-items: center;""> <div style=""background-color: #F4F4F4; border-radius: 50%; flex-grow: 0; height: 40px; margin-right: 14px; width: 40px;""></div> <div style=""display: flex; flex-direction: column; flex-grow: 1; justify-content: center;""> <div style="" background-color: #F4F4F4; border-radius: 4px; flex-grow: 0; height: 14px; margin-bottom: 6px; width: 100px;""></div> <div style="" background-color: #F4F4F4; border-radius: 4px; flex-grow: 0; height: 14px; width: 60px;""></div></div></div><div style=""padding: 19% 0;""></div> <div style=""display:block; height:50px; margin:0 auto 12px; width:50px;""><svg width=""50px"" height=""50px"" viewBox=""0 0 60 60"" version=""1.1"" xmlns=""https://www.w3.org/2000/svg"" xmlns:xlink=""https://www.w3.org/1999/xlink""><g stroke=""none"" stroke-width=""1"" fill=""none"" fill-rule=""evenodd""><g transform=""translate(-511.000000, -20.000000)"" fill=""#000000""><g><path d=""M556.869,30.41 C554.814,30.41 553.148,32.076 553.148,34.131 C553.148,36.186 554.814,37.852 556.869,37.852 C558.924,37.852 560.59,36.186 560.59,34.131 C560.59,32.076 558.924,30.41 556.869,30.41 M541,60.657 C535.114,60.657 530.342,55.887 530.342,50 C530.342,44.114 535.114,39.342 541,39.342 C546.887,39.342 551.658,44.114 551.658,50 C551.658,55.887 546.887,60.657 541,60.657 M541,33.886 C532.1,33.886 524.886,41.1 524.886,50 C524.886,58.899 532.1,66.113 541,66.113 C549.9,66.113 557.115,58.899 557.115,50 C557.115,41.1 549.9,33.886 541,33.886 M565.378,62.101 C565.244,65.022 564.756,66.606 564.346,67.663 C563.803,69.06 563.154,70.057 562.106,71.106 C561.058,72.155 560.06,72.803 558.662,73.347 C557.607,73.757 556.021,74.244 553.102,74.378 C549.944,74.521 548.997,74.552 541,74.552 C533.003,74.552 532.056,74.521 528.898,74.378 C525.979,74.244 524.393,73.757 523.338,73.347 C521.94,72.803 520.942,72.155 519.894,71.106 C518.846,70.057 518.197,69.06 517.654,67.663 C517.244,66.606 516.755,65.022 516.623,62.101 C516.479,58.943 516.448,57.996 516.448,50 C516.448,42.003 516.479,41.056 516.623,37.899 C516.755,34.978 517.244,33.391 517.654,32.338 C518.197,30.938 518.846,29.942 519.894,28.894 C520.942,27.846 521.94,27.196 523.338,26.654 C524.393,26.244 525.979,25.756 528.898,25.623 C532.057,25.479 533.004,25.448 541,25.448 C548.997,25.448 549.943,25.479 553.102,25.623 C556.021,25.756 557.607,26.244 558.662,26.654 C560.06,27.196 561.058,27.846 562.106,28.894 C563.154,29.942 563.803,30.938 564.346,32.338 C564.756,33.391 565.244,34.978 565.378,37.899 C565.522,41.056 565.552,42.003 565.552,50 C565.552,57.996 565.522,58.943 565.378,62.101 M570.82,37.631 C570.674,34.438 570.167,32.258 569.425,30.349 C568.659,28.377 567.633,26.702 565.965,25.035 C564.297,23.368 562.623,22.342 560.652,21.575 C558.743,20.834 556.562,20.326 553.369,20.18 C550.169,20.033 549.148,20 541,20 C532.853,20 531.831,20.033 528.631,20.18 C525.438,20.326 523.257,20.834 521.349,21.575 C519.376,22.342 517.703,23.368 516.035,25.035 C514.368,26.702 513.342,28.377 512.574,30.349 C511.834,32.258 511.326,34.438 511.181,37.631 C511.035,40.831 511,41.851 511,50 C511,58.147 511.035,59.17 511.181,62.369 C511.326,65.562 511.834,67.743 512.574,69.651 C513.342,71.625 514.368,73.296 516.035,74.965 C517.703,76.634 519.376,77.658 521.349,78.425 C523.257,79.167 525.438,79.673 528.631,79.82 C531.831,79.965 532.853,80.001 541,80.001 C549.148,80.001 550.169,79.965 553.369,79.82 C556.562,79.673 558.743,79.167 560.652,78.425 C562.623,77.658 564.297,76.634 565.965,74.965 C567.633,73.296 568.659,71.625 569.425,69.651 C570.167,67.743 570.674,65.562 570.82,62.369 C570.966,59.17 571,58.147 571,50 C571,41.851 570.966,40.831 570.82,37.631""></path></g></g></g></svg></div><div style=""padding-top: 8px;""> <div style="" color:#3897f0; font-family:Arial,sans-serif; font-size:14px; font-style:normal; font-weight:550; line-height:18px;"">View this post on Instagram</div></div><div style=""padding: 12.5% 0;""></div> <div style=""display: flex; flex-direction: row; margin-bottom: 14px; align-items: center;""><div> <div style=""background-color: #F4F4F4; border-radius: 50%; height: 12.5px; width: 12.5px; transform: translateX(0px) translateY(7px);""></div> <div style=""background-color: #F4F4F4; height: 12.5px; transform: rotate(-45deg) translateX(3px) translateY(1px); width: 12.5px; flex-grow: 0; margin-right: 14px; margin-left: 2px;""></div> <div style=""background-color: #F4F4F4; border-radius: 50%; height: 12.5px; width: 12.5px; transform: translateX(9px) translateY(-18px);""></div></div><div style=""margin-left: 8px;""> <div style="" background-color: #F4F4F4; border-radius: 50%; flex-grow: 0; height: 20px; width: 20px;""></div> <div style="" width: 0; height: 0; border-top: 2px solid transparent; border-left: 6px solid #f4f4f4; border-bottom: 2px solid transparent; transform: translateX(16px) translateY(-4px) rotate(30deg)""></div></div><div style=""margin-left: auto;""> <div style="" width: 0px; border-top: 8px solid #F4F4F4; border-right: 8px solid transparent; transform: translateY(16px);""></div> <div style="" background-color: #F4F4F4; flex-grow: 0; height: 12px; width: 16px; transform: translateY(-4px);""></div> <div style="" width: 0; height: 0; border-top: 8px solid #F4F4F4; border-left: 8px solid transparent; transform: translateY(-4px) translateX(8px);""></div></div></div> <div style=""display: flex; flex-direction: column; flex-grow: 1; justify-content: center; margin-bottom: 24px;""> <div style="" background-color: #F4F4F4; border-radius: 4px; flex-grow: 0; height: 14px; margin-bottom: 6px; width: 224px;""></div> <div style="" background-color: #F4F4F4; border-radius: 4px; flex-grow: 0; height: 14px; width: 144px;""></div></div></a><p style="" color:#c9c8cd; font-family:Arial,sans-serif; font-size:14px; line-height:17px; margin-bottom:0; margin-top:8px; overflow:hidden; padding:8px 0 7px; text-align:center; text-overflow:ellipsis; white-space:nowrap;""><a href=""https://www.instagram.com/reel/DXsrJwASKvb/?utm_source=ig_embed&amp;utm_campaign=loading"" style="" color:#c9c8cd; font-family:Arial,sans-serif; font-size:14px; font-style:normal; font-weight:normal; line-height:17px; text-decoration:none;"" target=""_blank"">A post shared by Daizy Gedeon (@daizygedeon)</a></p></div></blockquote>
<script async src=""//www.instagram.com/embed.js""></script>",Trump Clashes With 60 Minutes Over Manifesto,Trump 60 Minutes manifesto,Donald Trump clashes with Norah O’Donnell on 60 Minutes after questions about a gunman manifesto and allegations against officials.,"Trump, 60 Minutes, Norah O'Donnell, CBS News, gunman manifesto, White House Correspondents Dinner, US politics",ترامب، 60 دقيقة، نوراه أودونيل، سي بي إس نيوز، بيان المسلح، عشاء مراسلي البيت الأبيض، السياسة الأمريكية,اشتبك دونالد ترامب مع نوراه أودونيل في مقابلة 60 دقيقة بعد أسئلة حول بيان مسلح واتهامات طالت مسؤولين.,ترامب، 60 دقيقة، نوراه أودونيل، سي بي إس، بيان المسلح، السياسة الأمريكية,,,,,
"Canada Backs Down, Grants Visas to Palestine Football Team After Mounting Pressure",2026-04-29T02:07:59.000Z,"GREAT UPDATE! Canada Grants Visas After Initial Denial Sparks Backlash

A week after facing criticism for denying visas to officials from the Palestinian Football Association, Canada has reversed its decision and granted the necessary entry permits.

The initial denial drew concern from advocates and observers, who viewed the move as a restriction on Palestinian representation in international forums. Some critics have alleged that political pressure, including from pro-Israel lobbying groups, may have influenced the initial decision. 

The incident has fueled broader debate over access, representation, and the treatment of Palestinian voices on the global stage.

Swipe to read our statement.

Source: @pymmontreal 

THIS IS WHY WE SHOULD USE OUR PLATFORM WISELY. 
YOUR VOICE MATTERS! 

KEEP SPEAKING, KEEP SHARING STORIES ABOUT THE INJUSTICES. 
Together we can move mountains🇵🇸💪🏼

#freepalestine #fyp #gaza #fifa #canada
",,https://scontent-lga3-3.cdninstagram.com/v/t51.82787-15/683754351_18551660554069100_5251905724666831607_n.jpg?stp=dst-jpg_e15_fr_p1080x1080_tt6&_nc_ht=scontent-lga3-3.cdninstagram.com&_nc_cat=108&_nc_oc=Q6cZ2gFEQ1WrZERAZj9J7tMxF5PUojL4UcjsufVuxx-AZAiUb8QcoT_AwiXa-K8mFOwvyEjWA6lCV6l3v4mXHU_Jvj8i&_nc_ohc=Ix-VexSsuSAQ7kNvwFDCCl5&_nc_gid=HyEO88vCZyP9L2SWSvXqug&edm=APs17CUBAAAA&ccb=7-5&oh=00_Af0PiWtqTILHCURR-K446wOzUEsFv_IcUgH7wB9zXXIRGw&oe=69F7AADF&_nc_sid=10d13b,"<blockquote class=""instagram-media"" data-instgrm-permalink=""https://www.instagram.com/p/DXsuDJZE-v2/?utm_source=ig_embed&amp;utm_campaign=loading"" data-instgrm-version=""14"" style="" background:#FFF; border:0; border-radius:3px; box-shadow:0 0 1px 0 rgba(0,0,0,0.5),0 1px 10px 0 rgba(0,0,0,0.15); margin: 1px; max-width:540px; min-width:326px; padding:0; width:99.375%; width:-webkit-calc(100% - 2px); width:calc(100% - 2px);""><div style=""padding:16px;""> <a href=""https://www.instagram.com/p/DXsuDJZE-v2/?utm_source=ig_embed&amp;utm_campaign=loading"" style="" background:#FFFFFF; line-height:0; padding:0 0; text-align:center; text-decoration:none; width:100%;"" target=""_blank""> <div style="" display: flex; flex-direction: row; align-items: center;""> <div style=""background-color: #F4F4F4; border-radius: 50%; flex-grow: 0; height: 40px; margin-right: 14px; width: 40px;""></div> <div style=""display: flex; flex-direction: column; flex-grow: 1; justify-content: center;""> <div style="" background-color: #F4F4F4; border-radius: 4px; flex-grow: 0; height: 14px; margin-bottom: 6px; width: 100px;""></div> <div style="" background-color: #F4F4F4; border-radius: 4px; flex-grow: 0; height: 14px; width: 60px;""></div></div></div><div style=""padding: 19% 0;""></div> <div style=""display:block; height:50px; margin:0 auto 12px; width:50px;""><svg width=""50px"" height=""50px"" viewBox=""0 0 60 60"" version=""1.1"" xmlns=""https://www.w3.org/2000/svg"" xmlns:xlink=""https://www.w3.org/1999/xlink""><g stroke=""none"" stroke-width=""1"" fill=""none"" fill-rule=""evenodd""><g transform=""translate(-511.000000, -20.000000)"" fill=""#000000""><g><path d=""M556.869,30.41 C554.814,30.41 553.148,32.076 553.148,34.131 C553.148,36.186 554.814,37.852 556.869,37.852 C558.924,37.852 560.59,36.186 560.59,34.131 C560.59,32.076 558.924,30.41 556.869,30.41 M541,60.657 C535.114,60.657 530.342,55.887 530.342,50 C530.342,44.114 535.114,39.342 541,39.342 C546.887,39.342 551.658,44.114 551.658,50 C551.658,55.887 546.887,60.657 541,60.657 M541,33.886 C532.1,33.886 524.886,41.1 524.886,50 C524.886,58.899 532.1,66.113 541,66.113 C549.9,66.113 557.115,58.899 557.115,50 C557.115,41.1 549.9,33.886 541,33.886 M565.378,62.101 C565.244,65.022 564.756,66.606 564.346,67.663 C563.803,69.06 563.154,70.057 562.106,71.106 C561.058,72.155 560.06,72.803 558.662,73.347 C557.607,73.757 556.021,74.244 553.102,74.378 C549.944,74.521 548.997,74.552 541,74.552 C533.003,74.552 532.056,74.521 528.898,74.378 C525.979,74.244 524.393,73.757 523.338,73.347 C521.94,72.803 520.942,72.155 519.894,71.106 C518.846,70.057 518.197,69.06 517.654,67.663 C517.244,66.606 516.755,65.022 516.623,62.101 C516.479,58.943 516.448,57.996 516.448,50 C516.448,42.003 516.479,41.056 516.623,37.899 C516.755,34.978 517.244,33.391 517.654,32.338 C518.197,30.938 518.846,29.942 519.894,28.894 C520.942,27.846 521.94,27.196 523.338,26.654 C524.393,26.244 525.979,25.756 528.898,25.623 C532.057,25.479 533.004,25.448 541,25.448 C548.997,25.448 549.943,25.479 553.102,25.623 C556.021,25.756 557.607,26.244 558.662,26.654 C560.06,27.196 561.058,27.846 562.106,28.894 C563.154,29.942 563.803,30.938 564.346,32.338 C564.756,33.391 565.244,34.978 565.378,37.899 C565.522,41.056 565.552,42.003 565.552,50 C565.552,57.996 565.522,58.943 565.378,62.101 M570.82,37.631 C570.674,34.438 570.167,32.258 569.425,30.349 C568.659,28.377 567.633,26.702 565.965,25.035 C564.297,23.368 562.623,22.342 560.652,21.575 C558.743,20.834 556.562,20.326 553.369,20.18 C550.169,20.033 549.148,20 541,20 C532.853,20 531.831,20.033 528.631,20.18 C525.438,20.326 523.257,20.834 521.349,21.575 C519.376,22.342 517.703,23.368 516.035,25.035 C514.368,26.702 513.342,28.377 512.574,30.349 C511.834,32.258 511.326,34.438 511.181,37.631 C511.035,40.831 511,41.851 511,50 C511,58.147 511.035,59.17 511.181,62.369 C511.326,65.562 511.834,67.743 512.574,69.651 C513.342,71.625 514.368,73.296 516.035,74.965 C517.703,76.634 519.376,77.658 521.349,78.425 C523.257,79.167 525.438,79.673 528.631,79.82 C531.831,79.965 532.853,80.001 541,80.001 C549.148,80.001 550.169,79.965 553.369,79.82 C556.562,79.673 558.743,79.167 560.652,78.425 C562.623,77.658 564.297,76.634 565.965,74.965 C567.633,73.296 568.659,71.625 569.425,69.651 C570.167,67.743 570.674,65.562 570.82,62.369 C570.966,59.17 571,58.147 571,50 C571,41.851 570.966,40.831 570.82,37.631""></path></g></g></g></svg></div><div style=""padding-top: 8px;""> <div style="" color:#3897f0; font-family:Arial,sans-serif; font-size:14px; font-style:normal; font-weight:550; line-height:18px;"">View this post on Instagram</div></div><div style=""padding: 12.5% 0;""></div> <div style=""display: flex; flex-direction: row; margin-bottom: 14px; align-items: center;""><div> <div style=""background-color: #F4F4F4; border-radius: 50%; height: 12.5px; width: 12.5px; transform: translateX(0px) translateY(7px);""></div> <div style=""background-color: #F4F4F4; height: 12.5px; transform: rotate(-45deg) translateX(3px) translateY(1px); width: 12.5px; flex-grow: 0; margin-right: 14px; margin-left: 2px;""></div> <div style=""background-color: #F4F4F4; border-radius: 50%; height: 12.5px; width: 12.5px; transform: translateX(9px) translateY(-18px);""></div></div><div style=""margin-left: 8px;""> <div style="" background-color: #F4F4F4; border-radius: 50%; flex-grow: 0; height: 20px; width: 20px;""></div> <div style="" width: 0; height: 0; border-top: 2px solid transparent; border-left: 6px solid #f4f4f4; border-bottom: 2px solid transparent; transform: translateX(16px) translateY(-4px) rotate(30deg)""></div></div><div style=""margin-left: auto;""> <div style="" width: 0px; border-top: 8px solid #F4F4F4; border-right: 8px solid transparent; transform: translateY(16px);""></div> <div style="" background-color: #F4F4F4; flex-grow: 0; height: 12px; width: 16px; transform: translateY(-4px);""></div> <div style="" width: 0; height: 0; border-top: 8px solid #F4F4F4; border-left: 8px solid transparent; transform: translateY(-4px) translateX(8px);""></div></div></div> <div style=""display: flex; flex-direction: column; flex-grow: 1; justify-content: center; margin-bottom: 24px;""> <div style="" background-color: #F4F4F4; border-radius: 4px; flex-grow: 0; height: 14px; margin-bottom: 6px; width: 224px;""></div> <div style="" background-color: #F4F4F4; border-radius: 4px; flex-grow: 0; height: 14px; width: 144px;""></div></div></a><p style="" color:#c9c8cd; font-family:Arial,sans-serif; font-size:14px; line-height:17px; margin-bottom:0; margin-top:8px; overflow:hidden; padding:8px 0 7px; text-align:center; text-overflow:ellipsis; white-space:nowrap;""><a href=""https://www.instagram.com/p/DXsuDJZE-v2/?utm_source=ig_embed&amp;utm_campaign=loading"" style="" color:#c9c8cd; font-family:Arial,sans-serif; font-size:14px; font-style:normal; font-weight:normal; line-height:17px; text-decoration:none;"" target=""_blank"">A post shared by Daizy Gedeon (@daizygedeon)</a></p></div></blockquote>
<script async src=""//www.instagram.com/embed.js""></script>",Canada Grants Visas to Palestine Football Team,Palestine football team visas Canada,"Canada grants visas to Palestinian Football Association officials after backlash over an earlier denial, fueling debate on Palestinian representation.","Palestine football, Canada visas, Palestinian Football Association, Palestinian representation, sports politics, Canada Palestine",منتخب فلسطين لكرة القدم، تأشيرات كندا، الاتحاد الفلسطيني لكرة القدم، التمثيل الفلسطيني، السياسة الرياضية، كندا وفلسطين,منحت كندا تأشيرات لمسؤولي الاتحاد الفلسطيني لكرة القدم بعد انتقادات لرفض سابق، وسط نقاش حول التمثيل الفلسطيني عالمياً.,فلسطين، كرة القدم الفلسطينية، تأشيرات كندا، الاتحاد الفلسطيني لكرة القدم، التمثيل الفلسطيني,,,,,
Unprecedented: Trump Fires All 24 Members of National Science Board for First Time in 75 Years,2026-04-29T03:00:02.000Z,"TRUMP JUST WIPED OUT THE ENTIRE NATIONAL SCIENCE BOARD—75 YEARS OF PRECEDENT GONE IN A SECOND.

In a move described by experts as without precedent in 75 years, the Trump administration has fired all 24 members of the National Science Board (NSB). This independent body, created by Congress in 1950, is responsible for overseeing the nearly $9 billion budget of the National Science Foundation and ensuring that federal science funding remains insulated from political interference.

This isn’t just about one name.
It’s about a system where independent truth is being replaced by political loyalty. They want to muzzle the experts so they can redistribute billions in research funds without anyone to say no. They aren’t just firing scientists; they are deleting the oversight that keeps the public in the picture.

SHARE THIS to expose the war on science!

Courtesy of @thejenniwren 

#Trump #NationalScienceBoard #SciencePurge #WarOnTruth #america",,https://scontent-lga3-3.cdninstagram.com/v/t51.82787-15/684683188_18551517478069100_1541495708065654828_n.jpg?stp=dst-jpg_e15_fr_p1080x1080_tt6&_nc_ht=scontent-lga3-3.cdninstagram.com&_nc_cat=108&_nc_oc=Q6cZ2gHDz1JVtfwCnlELqD8kgkKMgWJVVeAU-hQp_Y8QodAAbc5kcYTbBUg_q4_C_52R2KQ&_nc_ohc=WyxrbZUwM9cQ7kNvwHTwLl5&_nc_gid=_36Amseo6ykuA9Sp-KxPxQ&edm=APs17CUBAAAA&ccb=7-5&oh=00_Af3Ladi6ehDQl1I3NRNGC_Tm0p1QdmMuKCDIdwk8OJVMMg&oe=69F79B56&_nc_sid=10d13b,"<blockquote class=""instagram-media"" data-instgrm-permalink=""https://www.instagram.com/p/DXsyD6bE33-/?utm_source=ig_embed&amp;utm_campaign=loading"" data-instgrm-version=""14"" style="" background:#FFF; border:0; border-radius:3px; box-shadow:0 0 1px 0 rgba(0,0,0,0.5),0 1px 10px 0 rgba(0,0,0,0.15); margin: 1px; max-width:540px; min-width:326px; padding:0; width:99.375%; width:-webkit-calc(100% - 2px); width:calc(100% - 2px);""><div style=""padding:16px;""> <a href=""https://www.instagram.com/p/DXsyD6bE33-/?utm_source=ig_embed&amp;utm_campaign=loading"" style="" background:#FFFFFF; line-height:0; padding:0 0; text-align:center; text-decoration:none; width:100%;"" target=""_blank""> <div style="" display: flex; flex-direction: row; align-items: center;""> <div style=""background-color: #F4F4F4; border-radius: 50%; flex-grow: 0; height: 40px; margin-right: 14px; width: 40px;""></div> <div style=""display: flex; flex-direction: column; flex-grow: 1; justify-content: center;""> <div style="" background-color: #F4F4F4; border-radius: 4px; flex-grow: 0; height: 14px; margin-bottom: 6px; width: 100px;""></div> <div style="" background-color: #F4F4F4; border-radius: 4px; flex-grow: 0; height: 14px; width: 60px;""></div></div></div><div style=""padding: 19% 0;""></div> <div style=""display:block; height:50px; margin:0 auto 12px; width:50px;""><svg width=""50px"" height=""50px"" viewBox=""0 0 60 60"" version=""1.1"" xmlns=""https://www.w3.org/2000/svg"" xmlns:xlink=""https://www.w3.org/1999/xlink""><g stroke=""none"" stroke-width=""1"" fill=""none"" fill-rule=""evenodd""><g transform=""translate(-511.000000, -20.000000)"" fill=""#000000""><g><path d=""M556.869,30.41 C554.814,30.41 553.148,32.076 553.148,34.131 C553.148,36.186 554.814,37.852 556.869,37.852 C558.924,37.852 560.59,36.186 560.59,34.131 C560.59,32.076 558.924,30.41 556.869,30.41 M541,60.657 C535.114,60.657 530.342,55.887 530.342,50 C530.342,44.114 535.114,39.342 541,39.342 C546.887,39.342 551.658,44.114 551.658,50 C551.658,55.887 546.887,60.657 541,60.657 M541,33.886 C532.1,33.886 524.886,41.1 524.886,50 C524.886,58.899 532.1,66.113 541,66.113 C549.9,66.113 557.115,58.899 557.115,50 C557.115,41.1 549.9,33.886 541,33.886 M565.378,62.101 C565.244,65.022 564.756,66.606 564.346,67.663 C563.803,69.06 563.154,70.057 562.106,71.106 C561.058,72.155 560.06,72.803 558.662,73.347 C557.607,73.757 556.021,74.244 553.102,74.378 C549.944,74.521 548.997,74.552 541,74.552 C533.003,74.552 532.056,74.521 528.898,74.378 C525.979,74.244 524.393,73.757 523.338,73.347 C521.94,72.803 520.942,72.155 519.894,71.106 C518.846,70.057 518.197,69.06 517.654,67.663 C517.244,66.606 516.755,65.022 516.623,62.101 C516.479,58.943 516.448,57.996 516.448,50 C516.448,42.003 516.479,41.056 516.623,37.899 C516.755,34.978 517.244,33.391 517.654,32.338 C518.197,30.938 518.846,29.942 519.894,28.894 C520.942,27.846 521.94,27.196 523.338,26.654 C524.393,26.244 525.979,25.756 528.898,25.623 C532.057,25.479 533.004,25.448 541,25.448 C548.997,25.448 549.943,25.479 553.102,25.623 C556.021,25.756 557.607,26.244 558.662,26.654 C560.06,27.196 561.058,27.846 562.106,28.894 C563.154,29.942 563.803,30.938 564.346,32.338 C564.756,33.391 565.244,34.978 565.378,37.899 C565.522,41.056 565.552,42.003 565.552,50 C565.552,57.996 565.522,58.943 565.378,62.101 M570.82,37.631 C570.674,34.438 570.167,32.258 569.425,30.349 C568.659,28.377 567.633,26.702 565.965,25.035 C564.297,23.368 562.623,22.342 560.652,21.575 C558.743,20.834 556.562,20.326 553.369,20.18 C550.169,20.033 549.148,20 541,20 C532.853,20 531.831,20.033 528.631,20.18 C525.438,20.326 523.257,20.834 521.349,21.575 C519.376,22.342 517.703,23.368 516.035,25.035 C514.368,26.702 513.342,28.377 512.574,30.349 C511.834,32.258 511.326,34.438 511.181,37.631 C511.035,40.831 511,41.851 511,50 C511,58.147 511.035,59.17 511.181,62.369 C511.326,65.562 511.834,67.743 512.574,69.651 C513.342,71.625 514.368,73.296 516.035,74.965 C517.703,76.634 519.376,77.658 521.349,78.425 C523.257,79.167 525.438,79.673 528.631,79.82 C531.831,79.965 532.853,80.001 541,80.001 C549.148,80.001 550.169,79.965 553.369,79.82 C556.562,79.673 558.743,79.167 560.652,78.425 C562.623,77.658 564.297,76.634 565.965,74.965 C567.633,73.296 568.659,71.625 569.425,69.651 C570.167,67.743 570.674,65.562 570.82,62.369 C570.966,59.17 571,58.147 571,50 C571,41.851 570.966,40.831 570.82,37.631""></path></g></g></g></svg></div><div style=""padding-top: 8px;""> <div style="" color:#3897f0; font-family:Arial,sans-serif; font-size:14px; font-style:normal; font-weight:550; line-height:18px;"">View this post on Instagram</div></div><div style=""padding: 12.5% 0;""></div> <div style=""display: flex; flex-direction: row; margin-bottom: 14px; align-items: center;""><div> <div style=""background-color: #F4F4F4; border-radius: 50%; height: 12.5px; width: 12.5px; transform: translateX(0px) translateY(7px);""></div> <div style=""background-color: #F4F4F4; height: 12.5px; transform: rotate(-45deg) translateX(3px) translateY(1px); width: 12.5px; flex-grow: 0; margin-right: 14px; margin-left: 2px;""></div> <div style=""background-color: #F4F4F4; border-radius: 50%; height: 12.5px; width: 12.5px; transform: translateX(9px) translateY(-18px);""></div></div><div style=""margin-left: 8px;""> <div style="" background-color: #F4F4F4; border-radius: 50%; flex-grow: 0; height: 20px; width: 20px;""></div> <div style="" width: 0; height: 0; border-top: 2px solid transparent; border-left: 6px solid #f4f4f4; border-bottom: 2px solid transparent; transform: translateX(16px) translateY(-4px) rotate(30deg)""></div></div><div style=""margin-left: auto;""> <div style="" width: 0px; border-top: 8px solid #F4F4F4; border-right: 8px solid transparent; transform: translateY(16px);""></div> <div style="" background-color: #F4F4F4; flex-grow: 0; height: 12px; width: 16px; transform: translateY(-4px);""></div> <div style="" width: 0; height: 0; border-top: 8px solid #F4F4F4; border-left: 8px solid transparent; transform: translateY(-4px) translateX(8px);""></div></div></div> <div style=""display: flex; flex-direction: column; flex-grow: 1; justify-content: center; margin-bottom: 24px;""> <div style="" background-color: #F4F4F4; border-radius: 4px; flex-grow: 0; height: 14px; margin-bottom: 6px; width: 224px;""></div> <div style="" background-color: #F4F4F4; border-radius: 4px; flex-grow: 0; height: 14px; width: 144px;""></div></div></a><p style="" color:#c9c8cd; font-family:Arial,sans-serif; font-size:14px; line-height:17px; margin-bottom:0; margin-top:8px; overflow:hidden; padding:8px 0 7px; text-align:center; text-overflow:ellipsis; white-space:nowrap;""><a href=""https://www.instagram.com/p/DXsyD6bE33-/?utm_source=ig_embed&amp;utm_campaign=loading"" style="" color:#c9c8cd; font-family:Arial,sans-serif; font-size:14px; font-style:normal; font-weight:normal; line-height:17px; text-decoration:none;"" target=""_blank"">A post shared by Daizy Gedeon (@daizygedeon)</a></p></div></blockquote>
<script async src=""//www.instagram.com/embed.js""></script>",Trump Fires National Science Board Members,Trump National Science Board,"Trump administration removes all 24 National Science Board members, raising concerns over federal science funding and independent oversight.","Trump, National Science Board, NSF, science funding, research policy, federal oversight, US science",ترامب، مجلس العلوم الوطني، مؤسسة العلوم الوطنية، تمويل الأبحاث، السياسة العلمية، الرقابة الفيدرالية، العلوم الأمريكية,أقالت إدارة ترامب جميع أعضاء مجلس العلوم الوطني الـ24، ما أثار مخاوف بشأن تمويل العلوم والرقابة المستقلة.,ترامب، مجلس العلوم الوطني، مؤسسة العلوم الوطنية، تمويل الأبحاث، السياسة العلمية، الرقابة المستقلة,,,,,
